{
    "providers": [
        {
            "type": "bitmap",
            "file": "minecraft:font/logo.png",
            "ascent": 10,
            "height": 40,
            "chars": [
                "\u06B0"
            ]
        },
		{
            "type": "bitmap",
            "file": "minecraft:font/logo_mini.png",
            "ascent": 0,
            "height": 30,
            "chars": [
                "\u06B1"
            ]
        },
		{
            "type": "bitmap",
            "file": "minecraft:font/logo_big.png",
            "ascent": 0,
            "height": 30,
            "chars": [
                "\u06B2"
            ]
        }
		
    ]
}