{"stat.useItem.minecraft.bow":13,"stat.useItem.minecraft.end_bricks":261,"stat.useItem.minecraft.quartz_block":683,"stat.useItem.minecraft.painting":191,"stat.killEntity.EntityHorse":2,"stat.leaveGame":17,"stat.useItem.minecraft.bookshelf":211,"stat.pickup.minecraft.jungle_fence":1,"stat.useItem.minecraft.repeating_command_block":2,"stat.useItem.minecraft.glowstone":167,"stat.useItem.minecraft.planks":2398,"stat.useItem.minecraft.water_bucket":28,"stat.pickup.minecraft.brick_block":1,"stat.useItem.minecraft.red_nether_brick":2,"stat.drop.minecraft.brick_block":2,"stat.useItem.minecraft.rail":96,"stat.useItem.minecraft.anvil":9,"stat.pickup.minecraft.stained_hardened_clay":1,"stat.pickup.minecraft.double_plant":1,"stat.trappedChestTriggered":11,"stat.useItem.minecraft.hardened_clay":95,"stat.useItem.minecraft.oak_stairs":274,"stat.furnaceInteraction":6,"stat.useItem.minecraft.dark_oak_stairs":100,"stat.pickup.minecraft.wooden_button":1,"stat.useItem.minecraft.end_stone":41,"stat.useItem.minecraft.minecart":1,"stat.pickup.minecraft.prismarine":2,"stat.pickup.minecraft.furnace":1,"stat.useItem.minecraft.redstone":186,"achievement.mineWood":1,"stat.useItem.minecraft.trapdoor":11,"stat.useItem.minecraft.stained_glass":773,"stat.useItem.minecraft.fence":357,"stat.useItem.minecraft.stone_stairs":236,"stat.pickup.minecraft.skull":1,"stat.useItem.minecraft.dark_oak_door":2,"stat.useItem.minecraft.acacia_fence":4,"achievement.openInventory":872,"stat.pickup.minecraft.stone_stairs":2,"stat.useItem.minecraft.cauldron":1,"stat.useItem.minecraft.wooden_button":3,"stat.pickup.minecraft.acacia_stairs":1,"stat.useItem.minecraft.dye":1332,"stat.pickup.minecraft.lever":6,"stat.deaths":24,"stat.pickup.minecraft.egg":3,"stat.playOneMinute":1272902,"stat.pickup.minecraft.birch_door":4,"stat.useItem.minecraft.jungle_stairs":29,"stat.pickup.minecraft.glass_pane":2,"stat.pickup.minecraft.item_frame":6,"stat.pickup.minecraft.dispenser":1,"stat.chestOpened":4,"stat.pickup.minecraft.spruce_door":65,"stat.useItem.minecraft.stone":389,"stat.drop.minecraft.banner":1,"stat.useItem.minecraft.packed_ice":5,"stat.fallOneCm":6278,"stat.drop.minecraft.dye":9,"stat.useItem.minecraft.trapped_chest":2,"stat.crouchOneCm":71304,"stat.pickup.minecraft.painting":3,"stat.pickup.minecraft.repeater":5999,"stat.pickup.minecraft.feather":2,"stat.useItem.minecraft.dark_oak_fence":110,"stat.useItem.minecraft.furnace":17,"stat.pickup.minecraft.dye":20,"stat.pickup.minecraft.planks":10,"stat.pickup.minecraft.wheat_seeds":28,"stat.useItem.minecraft.wool":740,"stat.useItem.minecraft.iron_bars":515,"stat.flowerPotted":2,"stat.useItem.minecraft.bone_block":1,"stat.drop.minecraft.paper":8,"stat.useItem.minecraft.torch":1,"stat.useItem.minecraft.log":263,"stat.useItem.minecraft.cobblestone":539,"stat.useItem.minecraft.gravel":1,"stat.minecartOneCm":1021,"stat.pickup.minecraft.log":1,"stat.drop.minecraft.planks":1,"stat.pickup.minecraft.chicken":2,"stat.pickup.minecraft.sapling":3,"stat.pickup.minecraft.wooden_door":7,"stat.useItem.minecraft.glass_pane":634,"stat.pickup.minecraft.end_stone":1,"stat.useItem.minecraft.birch_door":26,"stat.useItem.minecraft.barrier":60,"stat.useItem.minecraft.jungle_door":1,"stat.useItem.minecraft.daylight_detector":73,"stat.useItem.minecraft.stonebrick":432,"stat.useItem.minecraft.wooden_door":4,"stat.useItem.minecraft.spruce_door":16,"stat.pickup.minecraft.red_flower":27,"stat.sneakTime":42761,"stat.pickup.minecraft.wool":2,"stat.pickup.minecraft.stone_slab":3,"stat.pickup.minecraft.yellow_flower":6,"stat.drop.minecraft.wooden_axe":1,"stat.useItem.minecraft.web":109,"stat.pickup.minecraft.tripwire_hook":1,"stat.pickup.minecraft.stone_pressure_plate":4,"stat.pickup.minecraft.bookshelf":1,"stat.useItem.minecraft.repeater":78,"stat.useItem.minecraft.log2":95,"stat.useItem.minecraft.skull":11,"stat.useItem.minecraft.diamond_sword":5,"stat.swimOneCm":2438,"stat.climbOneCm":8844,"stat.pickup.minecraft.glowstone":2,"stat.useItem.minecraft.end_rod":10,"stat.useItem.minecraft.dirt":103,"achievement.exploreAllBiomes":{"value":0,"progress":["Plains"]},"stat.pickup.minecraft.daylight_detector":1,"stat.useItem.minecraft.egg":10,"stat.pickup.minecraft.quartz_stairs":2,"stat.useItem.minecraft.brick_block":564,"stat.flyOneCm":8664003,"stat.pickup.minecraft.redstone":8,"stat.timeSinceDeath":13002,"stat.useItem.minecraft.sign":161,"stat.cauldronFilled":1,"stat.useItem.minecraft.wooden_slab":66,"stat.pickup.minecraft.mutton":2,"stat.useItem.minecraft.iron_door":18,"stat.useItem.minecraft.lever":31,"stat.pickup.minecraft.wooden_axe":1,"stat.pickup.minecraft.stonebrick":1,"stat.pickup.minecraft.redstone_lamp":2,"stat.pickup.minecraft.carpet":19,"stat.useItem.minecraft.acacia_stairs":24,"stat.useItem.minecraft.armor_stand":5,"stat.useItem.minecraft.written_book":1,"stat.useItem.minecraft.spruce_fence":23,"stat.pickup.minecraft.birch_stairs":1,"stat.sprintOneCm":558888,"stat.pickup.minecraft.paper":136,"stat.useItem.minecraft.stone_slab":1701,"stat.useItem.minecraft.bed":2,"stat.useItem.minecraft.stone_pressure_plate":8,"stat.useItem.minecraft.bucket":5,"stat.drop":27,"stat.pickup.minecraft.stone_button":1,"stat.killEntity.Sheep":2,"stat.useItem.minecraft.banner":4,"stat.useItem.minecraft.ladder":52,"stat.useItem.minecraft.birch_stairs":6,"stat.diveOneCm":1988,"stat.useItem.minecraft.sticky_piston":10,"stat.pickup.minecraft.sign":2,"stat.useItem.minecraft.quartz_stairs":123,"stat.drop.minecraft.ladder":1,"stat.useItem.minecraft.carpet":392,"stat.useItem.minecraft.stained_glass_pane":16,"stat.pickup.minecraft.stone_brick_stairs":2,"stat.useItem.minecraft.flower_pot":2,"stat.useItem.minecraft.bedrock":16,"stat.drop.minecraft.sandstone":1,"stat.jump":2657,"stat.useItem.minecraft.iron_trapdoor":19,"stat.pickup.minecraft.fence":2,"stat.useItem.minecraft.stone_button":13,"stat.pickup.minecraft.dirt":8,"stat.useItem.minecraft.light_weighted_pressure_plate":1,"stat.useItem.minecraft.dispenser":17,"stat.useItem.minecraft.glass":4,"stat.drop.minecraft.barrier":1,"stat.useItem.minecraft.sapling":147,"stat.pickup.minecraft.command_block":1,"stat.useItem.minecraft.redstone_lamp":98,"stat.damageTaken":1070,"stat.pickup.minecraft.leather":4,"stat.useItem.minecraft.stone_brick_stairs":373,"stat.pickup.minecraft.written_book":1,"stat.dispenserInspected":8,"stat.useItem.minecraft.acacia_door":1,"stat.pickup.minecraft.reeds":299,"stat.pickup.minecraft.quartz_block":3,"stat.useItem.minecraft.birch_fence":174,"stat.pickup.minecraft.acacia_fence":1,"stat.useItem.minecraft.magma":2,"stat.pickup.minecraft.oak_stairs":1,"stat.damageDealt":753,"stat.useItem.minecraft.crafting_table":2,"stat.useItem.minecraft.command_block":23,"stat.walkOneCm":1944553,"stat.useItem.minecraft.chest":33,"stat.drop.minecraft.item_frame":1,"stat.pickup.minecraft.stick":78,"stat.useItem.minecraft.tnt":2,"stat.useItem.minecraft.redstone_block":8,"stat.useItem.minecraft.item_frame":70,"stat.useItem.minecraft.spruce_stairs":121,"stat.pickup.minecraft.stone":2,"stat.useItem.minecraft.stained_hardened_clay":2879,"stat.useItem.minecraft.leaves":781,"stat.pickup.minecraft.ladder":2,"stat.useItem.minecraft.prismarine":1751,"stat.pickup.minecraft.barrier":64,"stat.useItem.minecraft.tripwire_hook":53,"stat.drop.minecraft.lever":1,"stat.killEntity.Chicken":1,"stat.mobKills":6,"stat.pickup.minecraft.water_bucket":4,"stat.useItem.minecraft.cobblestone_wall":102,"stat.useItem.minecraft.sandstone":244}