{"stat.chestOpened":2,"stat.walkOneCm":298100,"stat.drop.minecraft.paper":4,"stat.trappedChestTriggered":1,"stat.leaveGame":5,"stat.useItem.minecraft.oak_stairs":7,"stat.pickup.minecraft.redstone_lamp":4,"stat.pickup.minecraft.wooden_button":1,"stat.minecartOneCm":2303,"stat.useItem.minecraft.carpet":4,"stat.jump":316,"stat.swimOneCm":284,"stat.useItem.minecraft.minecart":1,"stat.pickup.minecraft.fence":4,"stat.climbOneCm":10575,"stat.useItem.minecraft.planks":11,"stat.fallOneCm":5507,"stat.useItem.minecraft.item_frame":11,"stat.drop.minecraft.stained_hardened_clay":1,"stat.useItem.minecraft.trapped_chest":2,"stat.drop.minecraft.planks":1,"stat.crouchOneCm":7467,"stat.pickup.minecraft.glass":10,"stat.useItem.minecraft.stained_hardened_clay":195,"stat.useItem.minecraft.trapdoor":5,"stat.useItem.minecraft.stone_button":20,"stat.sprintOneCm":45106,"stat.pickup.minecraft.paper":3,"stat.pickup.minecraft.wooden_door":1,"achievement.exploreAllBiomes":{"value":0,"progress":["Plains"]},"stat.pickup.minecraft.ladder":7,"stat.useItem.minecraft.fence":7,"stat.useItem.minecraft.glass_pane":14,"stat.useItem.minecraft.prismarine":1,"stat.useItem.minecraft.glass":10,"stat.pickup.minecraft.barrier":1,"stat.useItem.minecraft.stone_slab":247,"stat.useItem.minecraft.redstone_lamp":2,"achievement.openInventory":41,"stat.useItem.minecraft.barrier":8,"stat.damageTaken":752,"stat.useItem.minecraft.wooden_button":2,"stat.dispenserInspected":1,"stat.useItem.minecraft.wooden_door":8,"stat.flyOneCm":390471,"stat.deaths":27,"stat.drop":6,"stat.playOneMinute":70766,"stat.pickup.minecraft.oak_stairs":1,"stat.pickup.minecraft.stone_button":5,"stat.useItem.minecraft.ladder":7,"stat.sneakTime":2766,"stat.pickup.minecraft.glass_pane":5,"stat.useItem.minecraft.wool":2,"stat.pickup.minecraft.item_frame":5,"stat.timeSinceDeath":7726,"stat.useItem.minecraft.birch_stairs":10,"stat.pickup.minecraft.stone_slab":9,"stat.useItem.minecraft.sign":1,"stat.pickup.minecraft.stained_hardened_clay":18,"stat.useItem.minecraft.wooden_slab":5,"stat.pickup.minecraft.trapped_chest":5,"stat.diveOneCm":206}