{"stat.useItem.minecraft.end_bricks":213,"stat.useItem.minecraft.quartz_block":662,"stat.useItem.minecraft.painting":14,"stat.pickup.minecraft.wooden_slab":1,"stat.pickup.minecraft.bookshelf":2,"stat.useItem.minecraft.repeater":47,"stat.leaveGame":15,"stat.useItem.minecraft.bookshelf":64,"stat.useItem.minecraft.skull":3,"stat.pickup.minecraft.jungle_fence":2,"stat.useItem.minecraft.diamond_sword":1,"stat.useItem.minecraft.glowstone":441,"stat.swimOneCm":1457,"stat.useItem.minecraft.planks":2230,"stat.climbOneCm":9166,"stat.pickup.minecraft.glowstone":2,"stat.useItem.minecraft.end_rod":36,"stat.pickup.minecraft.glass":1,"stat.useItem.minecraft.dirt":413,"achievement.exploreAllBiomes":{"value":0,"progress":["Plains"]},"stat.useItem.minecraft.water_bucket":7,"stat.useItem.minecraft.red_flower":1,"stat.pickup.minecraft.daylight_detector":1,"stat.useItem.minecraft.rail":107,"stat.pickup.minecraft.iron_trapdoor":1,"stat.useItem.minecraft.brick_block":560,"stat.useItem.minecraft.anvil":8,"stat.flyOneCm":7661068,"stat.pickup.minecraft.redstone":18,"stat.timeSinceDeath":12614,"stat.useItem.minecraft.sign":70,"stat.useItem.minecraft.wooden_slab":150,"stat.useItem.minecraft.iron_door":18,"stat.trappedChestTriggered":1,"stat.useItem.minecraft.lever":29,"stat.pickup.minecraft.wooden_axe":1,"stat.useItem.minecraft.oak_stairs":114,"stat.pickup.minecraft.redstone_lamp":2,"stat.pickup.minecraft.carpet":2,"stat.pickup.minecraft.wooden_button":1,"stat.useItem.minecraft.armor_stand":4,"stat.useItem.minecraft.end_stone":158,"stat.pickup.minecraft.beef":1,"stat.pickup.minecraft.furnace":1,"stat.useItem.minecraft.redstone":522,"stat.useItem.minecraft.sea_lantern":3,"stat.useItem.minecraft.milk_bucket":1,"achievement.mineWood":1,"stat.pickup.minecraft.birch_stairs":2,"stat.pickup.minecraft.cauldron":1,"stat.useItem.minecraft.trapdoor":10,"stat.sprintOneCm":576125,"stat.useItem.minecraft.stained_glass":167,"stat.pickup.minecraft.paper":61,"stat.useItem.minecraft.fence":158,"stat.useItem.minecraft.stone_stairs":108,"stat.useItem.minecraft.dark_oak_door":13,"stat.useItem.minecraft.stone_slab":1374,"achievement.openInventory":805,"stat.pickup.minecraft.stone_stairs":2,"stat.pickup.minecraft.potion":1,"stat.useItem.minecraft.cauldron":12,"stat.pickup.minecraft.grass":1,"stat.useItem.minecraft.stone_pressure_plate":2,"stat.useItem.minecraft.dye":1775,"stat.pickup.minecraft.lever":4,"stat.deaths":43,"stat.drop":122,"stat.pickup.minecraft.egg":9,"stat.playOneMinute":1065434,"stat.useItem.minecraft.jungle_stairs":10,"stat.useItem.minecraft.ladder":51,"stat.pickup.minecraft.glass_pane":1,"stat.pickup.minecraft.item_frame":1,"stat.useItem.minecraft.birch_stairs":83,"stat.pickup.minecraft.dispenser":1,"stat.diveOneCm":515,"stat.chestOpened":1,"stat.useItem.minecraft.sticky_piston":1,"stat.pickup.minecraft.sign":5,"stat.useItem.minecraft.stone":672,"stat.useItem.minecraft.jungle_fence":19,"stat.useItem.minecraft.quartz_stairs":10,"stat.useItem.minecraft.sponge":13,"stat.useItem.minecraft.carpet":121,"stat.useItem.minecraft.heavy_weighted_pressure_plate":4,"stat.useItem.minecraft.potion":8,"stat.useItem.minecraft.bedrock":27,"stat.jump":2548,"stat.useItem.minecraft.iron_trapdoor":22,"stat.pickup.minecraft.fence":4,"stat.fallOneCm":5812,"stat.drop.minecraft.dye":119,"stat.crouchOneCm":68850,"stat.useItem.minecraft.stone_button":6,"stat.pickup.minecraft.painting":2,"stat.useItem.minecraft.glass":486,"stat.useItem.minecraft.dispenser":2,"stat.pickup.minecraft.heavy_weighted_pressure_plate":1,"stat.useItem.minecraft.sapling":133,"stat.pickup.minecraft.command_block":2,"stat.useItem.minecraft.redstone_lamp":162,"stat.pickup.minecraft.repeater":2166,"stat.pickup.minecraft.leaves":1,"stat.damageTaken":400,"stat.useItem.minecraft.stone_brick_stairs":315,"stat.dispenserInspected":4,"stat.pickup.minecraft.log2":1,"stat.pickup.minecraft.dye":56,"stat.pickup.minecraft.planks":6,"stat.pickup.minecraft.wheat_seeds":23,"stat.pickup.minecraft.stained_glass":1,"stat.damageDealt":220,"stat.useItem.minecraft.wool":1945,"stat.killEntity.Cow":1,"stat.useItem.minecraft.iron_bars":875,"stat.useItem.minecraft.command_block":10,"stat.walkOneCm":2127843,"stat.useItem.minecraft.torch":39,"stat.useItem.minecraft.chest":2,"stat.pickup.minecraft.stick":63,"stat.useItem.minecraft.log":21,"stat.useItem.minecraft.cobblestone":608,"stat.useItem.minecraft.tnt":10,"stat.useItem.minecraft.gravel":9,"stat.useItem.minecraft.emerald_block":6,"stat.useItem.minecraft.item_frame":5,"stat.useItem.minecraft.spruce_stairs":80,"stat.pickup.minecraft.stone":2,"stat.useItem.minecraft.stained_hardened_clay":2728,"stat.pickup.minecraft.sapling":2,"stat.useItem.minecraft.leaves":174,"stat.pickup.minecraft.wooden_door":4,"stat.drop.minecraft.command_block":1,"stat.useItem.minecraft.redstone_ore":15,"stat.pickup.minecraft.ladder":1,"stat.useItem.minecraft.glass_pane":323,"stat.pickup.minecraft.banner":1,"stat.useItem.minecraft.prismarine":491,"stat.useItem.minecraft.birch_door":106,"stat.pickup.minecraft.barrier":1,"stat.drop.minecraft.lever":1,"stat.useItem.minecraft.barrier":120,"stat.useItem.minecraft.iron_block":39,"stat.useItem.minecraft.daylight_detector":19,"stat.mobKills":1,"stat.useItem.minecraft.wooden_pressure_plate":2,"stat.useItem.minecraft.stonebrick":1820,"stat.useItem.minecraft.wooden_door":8,"stat.drop.minecraft.written_book":1,"stat.useItem.minecraft.spruce_door":41,"stat.useItem.minecraft.writable_book":2,"stat.pickup.minecraft.red_flower":23,"stat.sneakTime":43058,"stat.pickup.minecraft.wool":3,"stat.pickup.minecraft.stone_slab":1,"stat.pickup.minecraft.yellow_flower":8,"stat.useItem.minecraft.sandstone":877,"stat.pickup.minecraft.chest":1,"stat.useItem.minecraft.web":35}